{
    "name": "space-anal-justice",
    "version": "0.69.1",
    "title": "Space AJ Rebalance",
    "author": "Loup&Snoop, 2025",
    "factorio_version": "2.0",
    "dependencies": ["base >= 2.0.55",
        "space-age >= 2.0.55"
    ],
    "space_travel_required": true,
    "description": "A balance mod for Space Age which brings justice to many of the planets. Each planet gets bigger niches and weaknesses to make the planets more strongly connect together.",
    "homepage": "https://discord.gg/CaDJzEj557",
    "package":{
        "ignore":[ "**/*.mp3", "**/*.xcf", ".vscode/*", "deprecated/*"]
    }
}
